station_id,hour,value
1,6,0.256522127641394
2,6,0.4649283391545216
3,6,0.23857039624231416
4,6,0.39224978923280496
5,6,0.7877363603516785
6,6,0.18113934722388947
7,6,0.47922437673129786
8,6,0.21168252438878138
9,6,0.28694949616604315
10,6,0.2905483012936767
11,6,0.14882171102814565
12,6,0.6513308442731452
13,6,0.18464079938756311
14,6,0.26769842225701523
15,6,0.39293779356858966
16,6,0.2634599053742549
17,6,0.23000120438394903
18,6,0.6811513910634684
19,6,0.283311172891729
20,6,0.2276296296296299
21,6,0.16240716206993797
22,6,0.23642057087799034
23,6,0.30761974465316066
24,6,0.55362519571239
25,6,0.16939870566068382
26,6,0.2102272727272698
27,6,0.1718031935609437
28,6,0.5495122244971737
29,6,0.23153840703244294
30,6,0.36666263749546335
31,6,0.3980067445501662
32,6,0.22364607170099676
33,6,0.46739261820800143
34,6,0.6776105022281073
35,6,0.6640049781203653
36,6,0.21555461881247703
37,6,0.16435826408125637
38,6,0.5687582801397025
39,6,0.3703721546428996
40,6,0.18673686504590065
41,6,0.3446284475490759
42,6,0.8119996788309221
43,6,0.7422417600064167
44,6,0.6179091894496065
45,6,0.7215905897466756
46,6,0.23985134460865926
47,6,0.12268221926749362
48,6,0.19096712031795776
49,6,0.2554076839696484
50,6,0.6187157107231924
51,6,0.16574129832590792
52,6,0.30636516921594603
53,6,0.12943213296398726
54,6,0.25703743444317756
55,6,0.09072022160665061
56,6,0.13691526652967534
57,6,0.20832176950186226
58,6,0.2278754666987835
59,6,0.557966999879557
60,6,0.6007948934120227
61,6,0.6817246778273243
62,6,0.15106587980248004
63,6,0.15684864334750498
64,6,0.1770404094111411
65,6,0.06028345219388315
66,6,0.228499939342472
67,6,0.22333801784187024
68,6,0.23476454293628868
69,6,0.29887089003974343
70,6,0.39021308993307174
71,6,0.2326598819703731
72,6,0.5391133403006484
73,6,0.5224336585169993
74,6,0.5682524388775148
75,6,0.6919818138022481
76,6,0.6403772891218851
77,6,0.18690377802789016
78,6,0.739208719739857
79,6,0.6905268510712211
80,6,0.6825243887751411
81,6,0.5024027459954348
82,6,0.7007708057328488
83,6,0.7244971696977036
84,6,0.7540005620458181
85,6,0.767540131794041
86,6,0.7035282111094847
87,6,0.6787717819177636
88,6,0.6624633666546041
89,6,0.09273080530617615
90,6,0.17277135079959063
91,6,0.43578224738046706
92,6,0.7558804046730102
93,6,0.8872756834879071
94,6,0.8127694809105243
95,6,0.6521709020835771
96,6,0.5395680276205408
97,6,0.71684029868722
98,6,0.19522261030148894
99,6,0.12668111927415998
100,6,0.7763266289293451
101,6,0.5902685776225527
102,6,0.555166807178131
103,6,0.08339152119700743
104,6,0.11991271820448937
105,6,0.15325574951509904
106,6,0.343326996197718
107,6,0.48096491228070193
108,6,0.3011403508771928
110,6,0.3221874999999995
111,6,0.4619444444444447
112,6,0.7085380116959068
1,7,0.462910856914768
2,7,0.2048216885007265
3,7,0.1540574963609858
4,7,0.3517649199417782
5,7,0.4788603833090761
6,7,0.19473620375984868
7,7,0.47193492398736925
8,7,0.27506771780877437
9,7,0.40770163735597786
10,7,0.365619293974437
11,7,0.24211334788584446
12,7,0.3335253456221218
13,7,0.22550308341447817
14,7,0.33725846875252036
15,7,0.291694457918991
16,7,0.2993525531395099
17,7,0.2113360814742896
18,7,0.6528208858713266
19,7,0.40043400665206336
20,7,0.4274814814814816
21,7,0.2482321089425018
22,7,0.32749424172627045
23,7,0.3062957061731419
24,7,0.32419081100739716
25,7,0.3148093541385063
26,7,0.3137196238856999
27,7,0.34203418580376216
28,7,0.34409423364448394
29,7,0.18021646111251793
30,7,0.3539537712895358
31,7,0.3326545454545487
32,7,0.2791621217630157
33,7,0.5952465319462897
34,7,0.4051704637259633
35,7,0.33465826466310916
36,7,0.285736791080951
37,7,0.21296655356277241
38,7,0.48466735336888184
39,7,0.43595396729254987
40,7,0.36964199155183686
41,7,0.36461463887542434
42,7,0.5373767975440321
43,7,0.3948901276458234
44,7,0.34006623853952345
45,7,0.6014822892685545
46,7,0.25656471239895556
47,7,0.16919919737322117
48,7,0.18869199079122692
49,7,0.23048285471949553
50,7,0.49712888665998
51,7,0.2287471222585736
52,7,0.4479242396704229
53,7,0.16596195783862394
54,7,0.3572078918577341
55,7,0.2819205503055772
56,7,0.1662664153696503
57,7,0.20183288125774299
58,7,0.28313446396123726
59,7,0.3868883236434111
60,7,0.2792433785529676
61,7,0.5972189922480877
62,7,0.2871245155038739
63,7,0.1731796788482822
64,7,0.1795077581594442
65,7,0.10110597958191438
66,7,0.3117486006327594
67,7,0.4114260326020343
68,7,0.5761444834685715
69,7,0.4859846191110537
70,7,0.3971699337358775
71,7,0.19363873077388702
72,7,0.4185227001918189
73,7,0.31738726736909906
74,7,0.4534253764482596
75,7,0.5945591619232204
76,7,0.4361352946425186
77,7,0.14950184147451837
78,7,0.6410329377573204
79,7,0.734775554838472
80,7,0.6997214821990727
81,7,0.5530758052797251
82,7,0.5885147185098776
83,7,0.5899776001937234
84,7,0.5518383985147538
85,7,0.5846885648556582
86,7,0.5219728398366028
87,7,0.5628724007621702
88,7,0.39898696371634346
89,7,0.1126579725732703
90,7,0.580069539835159
91,7,0.35825665859563677
92,7,0.6959024331194779
93,7,0.8362291212781529
94,7,0.8356753812636223
95,7,0.5381324134592081
96,7,0.4875252158476596
97,7,0.481517792302105
98,7,0.28085209392398125
99,7,0.17016057451787203
100,7,0.5356795352777511
101,7,0.30833434184517106
102,7,0.4403213118722017
103,7,0.09032096288866608
104,7,0.12661735205616886
105,7,0.14678758497715233
106,7,0.28726993865030725
107,7,0.3682017543859653
108,7,0.21315789473684202
110,7,0.2915625000000004
111,7,0.3193055555555558
112,7,0.4079532163742686
1,8,0.6437636881082853
2,8,0.08037032554762165
3,8,0.09500786639234987
4,8,0.21159990318285768
5,8,0.10355802977126644
6,8,0.14594578240348138
7,8,0.23029124430887113
8,8,0.3780144418895466
9,8,0.5307444834402362
10,8,0.317419227499089
11,8,0.5321916979305381
12,8,0.0805276533946504
13,8,0.4951131624762206
14,8,0.3242405905845194
15,8,0.13594487474282949
16,8,0.33633102274109095
17,8,0.16805639598208397
18,8,0.3126467384727035
19,8,0.7241386290942835
20,8,0.6944444444444442
21,8,0.4162330065754969
22,8,0.2695994190971825
23,8,0.33426581969215735
24,8,0.235120416313687
25,8,0.609498756066724
26,8,0.553389004022916
27,8,0.4545413023619949
28,8,0.13843640324337364
29,8,0.13606302642436324
30,8,0.28241831653103033
31,8,0.21092218322642894
32,8,0.2870910484489077
33,8,0.550717620248108
34,8,0.06868369034652584
35,8,0.08403727459760524
36,8,0.5501936342732653
37,8,0.37579571584169996
38,8,0.35280467142684263
39,8,0.21566017185041428
40,8,0.42039383828080973
41,8,0.19817257654604525
42,8,0.09432409536487965
43,8,0.062443019081045104
44,8,0.08814393480979517
45,8,0.3795756182177532
46,8,0.20971283345723726
47,8,0.5350935260536865
48,8,0.2610825366089793
49,8,0.20542478518697824
50,8,0.15179282868525903
51,8,0.26566017185041885
52,8,0.5949677780467143
53,8,0.40443846060752436
54,8,0.4747376952387306
55,8,0.5405858781448746
56,8,0.6357676424146699
57,8,0.4734463217380815
58,8,0.6501573278470321
59,8,0.23183468473919694
60,8,0.10063737948283562
61,8,0.3512816168461837
62,8,0.5650822945661353
63,8,0.39976141491328976
64,8,0.27800347454229507
65,8,0.1128343216749349
66,8,0.530493137373981
67,8,0.7017404869692848
68,8,0.7692121505506526
69,8,0.7925178506595751
70,8,0.4983930084196332
71,8,0.1549104441486158
72,8,0.18753245130839893
73,8,0.09315018758320359
74,8,0.20393723022308202
75,8,0.31985356408084475
76,8,0.19241450473575844
77,8,0.10984571855425523
78,8,0.2373835168824883
79,8,0.5147444430997673
80,8,0.4295019968534429
81,8,0.525877405300736
82,8,0.23767506848712347
83,8,0.19230001210214168
84,8,0.18294808181047947
85,8,0.12242872702754377
86,8,0.11419008006522237
87,8,0.19220430963649018
88,8,0.07769978619549042
89,8,0.2223299342546641
90,8,0.7712101636520102
91,8,0.3038888216547623
92,8,0.23676328210093317
93,8,0.2230243253055795
94,8,0.5274960668038203
95,8,0.19970349751906274
96,8,0.21810480455040507
97,8,0.06303703255476151
98,8,0.3946589212957166
99,8,0.3093589898745403
100,8,0.1547186251966574
101,8,0.05050627294364549
102,8,0.24775807817983672
103,8,0.11835159362549813
104,8,0.13245766932270897
105,8,0.10953408587870712
106,8,0.14271623672230663
107,8,0.13058978873239427
108,8,0.08882042253521101
110,8,0.20260416666666664
111,8,0.09222222222222227
112,8,0.1087441314553991
1,9,0.6612237707485293
2,9,0.048913834951456736
3,9,0.09830097087378602
4,9,0.19764563106795865
5,9,0.1392627427184455
6,9,0.16375606796116005
7,9,0.06644208235688127
8,9,0.7315250809061309
9,9,0.6186741504854376
10,9,0.40899056029232644
11,9,0.7871521035598512
12,9,0.0467111650485449
13,9,0.8164068209500358
14,9,0.47699838187702737
15,9,0.034526699029126216
16,9,0.35077953714981525
17,9,0.14120752427184266
18,9,0.1163875404530794
19,9,0.8376695087291604
20,9,0.8548888888888857
21,9,0.7748907766990039
22,9,0.2982038834951436
23,9,0.32415086646279156
24,9,0.15213592233009324
25,9,0.8955541922290019
26,9,0.854095354523197
27,9,0.5950327225130798
28,9,0.11403721682847912
29,9,0.14318114998530812
30,9,0.12767356881851136
31,9,0.22748179611650327
32,9,0.45644822006472874
33,9,0.41279020683832934
34,9,0.12742718446602072
35,9,0.07847491909385433
36,9,0.8461498786407904
37,9,0.5282038834951477
38,9,0.24721177184465926
39,9,0.42823422330096494
40,9,0.3610783633841889
41,9,0.3637864077669872
42,9,0.05845873786407975
43,9,0.08694579288026025
44,9,0.033891585760517755
45,9,0.14396440129449525
46,9,0.20089459084604544
47,9,0.8754202192448467
48,9,0.6362499999999943
49,9,0.6033919902912624
50,9,0.025597014925372856
51,9,0.3055157766990236
52,9,0.419652609223301
53,9,0.7443810679611664
54,9,0.6108414239482389
55,9,0.7258360302049724
56,9,0.840328867235089
57,9,0.836413043478228
58,9,0.8820873786407856
59,9,0.07021844660194008
60,9,0.06398058252427283
61,9,0.09481067961165038
62,9,0.8621146844660288
63,9,0.8515915395284621
64,9,0.656139410187672
65,9,0.5269660194174719
66,9,0.6671224116930565
67,9,0.7083773006134972
68,9,0.8756310679611776
69,9,0.9309799757281846
70,9,0.7634041262135872
71,9,0.17817354368932045
72,9,0.08481443783276255
73,9,0.09962378640776998
74,9,0.0955380258899708
75,9,0.07641990291261981
76,9,0.06465572304547702
77,9,0.08927435554067908
78,9,0.06911104368931935
79,9,0.12499999999999936
80,9,0.09622572815533788
81,9,0.24786407766990548
82,9,0.03015225066195911
83,9,0.03679915048543662
84,9,0.023543689320388275
85,9,0.02634882108183131
86,9,0.033111905978538095
87,9,0.031310679611649433
88,9,0.027851941747572134
89,9,0.6073687752355329
90,9,0.8870544982698985
91,9,0.5245914239482243
92,9,0.06634708737864017
93,9,0.05819478155339769
94,9,0.19370145631068095
95,9,0.051856796116503914
96,9,0.04223300970873865
97,9,0.03060376213592315
98,9,0.4692920711974054
99,9,0.7437702265372037
100,9,0.19644174757281277
101,9,0.021415857605177696
102,9,0.06537014563106706
103,9,0.10931592039801033
104,9,0.07904228855721383
105,9,0.03586235489220578
106,9,0.02242424242424244
107,9,0.008333333333333331
108,9,0.0261403508771931
110,9,0.046041666666666696
111,9,0.05277777777777777
112,9,0.017953216374268968
1,10,0.717441874103254
2,10,0.10106653738940648
3,10,0.12025815052720779
4,10,0.3003514725487831
5,10,0.19531874924251552
6,10,0.17946915525390306
7,10,0.06350745364198389
8,10,0.7710418939118201
9,10,0.7441421241869597
10,10,0.5967871913392532
11,10,0.7106976932088914
12,10,0.0833898921342863
13,10,0.8353696056999226
14,10,0.5815658708035428
15,10,0.02824657617258514
16,10,0.3978956331346518
17,10,0.17156102290631187
18,10,0.11725043429079743
19,10,0.7848595255444727
20,10,0.8488888888888875
21,10,0.8492748353734486
22,10,0.37612410616894515
23,10,0.3659110403136875
24,10,0.1375348442613
25,10,0.8812291003995975
26,10,0.8874299293199728
27,10,0.7012808783165387
28,10,0.2050943320001599
29,10,0.23218502657200082
30,10,0.10952438876049074
31,10,0.27194279481275135
32,10,0.5912818648244662
33,10,0.4214087357000229
34,10,0.19821031794125746
35,10,0.09375833232335713
36,10,0.8427705732638533
37,10,0.599733365652641
38,10,0.23006605259968343
39,10,0.5079141922191183
40,10,0.39855486492257575
41,10,0.39432190037571047
42,10,0.05687795418737326
43,10,0.2051468508867582
44,10,0.05794449157677946
45,10,0.12799256655758848
46,10,0.21825233305053754
47,10,0.8639985424511336
48,10,0.7271694340080069
49,10,0.7542812992364633
50,10,0.019664179104477333
51,10,0.3545449036480413
52,10,0.44601033208095986
53,10,0.7805811416798021
54,10,0.6435326480169787
55,10,0.7854670814312257
56,10,0.7899775321836384
57,10,0.8855316615113472
58,10,0.841628287480316
59,10,0.04755181190158865
60,10,0.1343271522643721
61,10,0.21472306387104442
62,10,0.8428281420433922
63,10,0.9018820229582938
64,10,0.7572159090909177
65,10,0.6656556780996254
66,10,0.7161659165551644
67,10,0.7598272270554963
68,10,0.8100654466125305
69,10,0.927020967155518
70,10,0.8293760929411083
71,10,0.22466973700157555
72,10,0.07588522994280567
73,10,0.07528380398335814
74,10,0.09575405001414326
75,10,0.06781905223609117
76,10,0.05505552755965789
77,10,0.09504804015396617
78,10,0.11100775663555817
79,10,0.1083190814132523
80,10,0.11145315719306484
81,10,0.1556720397527587
82,10,0.024503916880598282
83,10,0.0361380438734699
84,10,0.017917020159172462
85,10,0.027491040047094486
86,10,0.03262762408384218
87,10,0.025263285470978745
88,10,0.023185068476547763
89,10,0.7307601986044001
90,10,0.8507295803833571
91,10,0.6369450167656472
92,10,0.06988243849230233
93,10,0.0652951157435459
94,10,0.1561901587686338
95,10,0.04996667070657966
96,10,0.029976164505312045
97,10,0.03185068476548349
98,10,0.5903486446087327
99,10,0.8199854563082916
100,10,0.17693370500545152
101,10,0.023484022138730302
102,10,0.06378620773239485
103,10,0.12065920398009918
104,10,0.06417910447761205
105,10,0.023714759535655106
106,10,0.010606060606060624
107,10,0.00649122807017544
108,10,0.018245614035087815
110,10,0.004999999999999999
111,10,0.05472222222222223
112,10,0.037485380116959274
1,11,0.7546120503324244
2,11,0.15962211759024247
3,11,0.128932753833151
4,11,0.265042858867559
5,11,0.18083423880236654
6,11,0.15376675117710628
7,11,0.07095963065189737
8,11,0.7847317799508735
9,11,0.8201235462191572
10,11,0.6374139180862631
11,11,0.6784337397883129
12,11,0.11013521670892161
13,11,0.8302668115416738
14,11,0.6900358163306284
15,11,0.03994627550404443
16,11,0.3958197019265682
17,11,0.1999034166364828
18,11,0.10608475190148778
19,11,0.8061169463559681
20,11,0.8351851851851844
21,11,0.871310716729001
22,11,0.43528310998430264
23,11,0.3709914968062172
24,11,0.1629059519497752
25,11,0.8507641169078161
26,11,0.8751241972615623
27,11,0.7682066631962243
28,11,0.234399774638816
29,11,0.25476629188133837
30,11,0.09935175087846798
31,11,0.2650851140890988
32,11,0.6710370638657444
33,11,0.4814523198379157
34,11,0.16699263551853155
35,11,0.06889613264115436
36,11,0.8178739587106144
37,11,0.5933880639059952
38,11,0.22706748762525616
39,11,0.5099179041410044
40,11,0.4030803194149726
41,11,0.37893275383314756
42,11,0.0663447221216165
43,11,0.187331482152198
44,11,0.08109380659181584
45,11,0.1200209263954292
46,11,0.22022731584484453
47,11,0.8625377278763882
48,11,0.7633375588554953
49,11,0.7518260292164726
50,11,0.030171130952380575
51,11,0.379771821803695
52,11,0.48690842689846675
53,11,0.7561964264155598
54,11,0.6102093005389215
55,11,0.7582934256241124
56,11,0.7390106241699876
57,11,0.8740584434330804
58,11,0.8126071471689019
59,11,0.05326572497887352
60,11,0.15083101935691537
61,11,0.27322950621755304
62,11,0.8256821200048444
63,11,0.8988944654283788
64,11,0.7528839771671376
65,11,0.6506821200048339
66,11,0.665061189870351
67,11,0.7421640424752812
68,11,0.8229445852951831
69,11,0.9153416636484505
70,11,0.8225556647867359
71,11,0.22457442955451043
72,11,0.0634529331354958
73,11,0.057257837337520524
74,11,0.09158115014688877
75,11,0.06366654593746023
76,11,0.05665376770430235
77,11,0.10591697993814149
78,11,0.14471507907762854
79,11,0.12022393031689038
80,11,0.1162531691416128
81,11,0.1293371966678713
82,11,0.026055557384785696
83,11,0.035470240251116496
84,11,0.018346814761157133
85,11,0.029475172901468272
86,11,0.026897195905373174
87,11,0.027942456648683223
88,11,0.034279045434423894
89,11,0.7521957883513191
90,11,0.8335722870879197
91,11,0.6187774155901682
92,11,0.057370517928286145
93,11,0.06685077870336813
94,11,0.14999094530967008
95,11,0.03779427743571129
96,11,0.026145921365044466
97,11,0.03750754557527383
98,11,0.6563765141454395
99,11,0.833099923538138
100,11,0.1423010986357583
101,11,0.031321179926757065
102,11,0.0814831582759855
103,11,0.11898954703832779
104,11,0.06209556993529142
105,11,0.025192190697417235
106,11,0.016603487490523084
107,11,0.005131578947368414
108,11,0.016754385964912383
110,11,0.013152610441767052
111,11,0.09124999999999997
112,11,0.09976608187134534
1,12,0.7970255804770852
2,12,0.13275360562355965
3,12,0.0999697006423462
4,12,0.1884377651193755
5,12,0.14003454126772585
6,12,0.1314749727305753
7,12,0.07628333451744769
8,12,0.6368076596776171
9,12,0.843215973821339
10,12,0.635544176463459
11,12,0.5959398860744152
12,12,0.09744273421403407
13,12,0.8087585343190499
14,12,0.7460267442330086
15,12,0.04202520906556781
16,12,0.34962899890524196
17,12,0.21756756756756399
18,12,0.09772552821880444
19,12,0.7771179250999755
20,12,0.8085185185185192
21,12,0.8872661899567216
22,12,0.49686704641861257
23,12,0.39153698484662813
24,12,0.19844261301660268
25,12,0.844154152932041
26,12,0.8869602238170144
27,12,0.7582073011733834
28,12,0.20645578313739674
29,12,0.2339215381969792
30,12,0.08276973604184366
31,12,0.22083383832262649
32,12,0.6515331474972752
33,12,0.6142022310866148
34,12,0.09727305781117705
35,12,0.0629014664889125
36,12,0.8224821233789914
37,12,0.5733648446652947
38,12,0.21128348079020812
39,12,0.435844140104224
40,12,0.34218074576818674
41,12,0.31865834444309254
42,12,0.07496869066376116
43,12,0.12609380681129756
44,12,0.08934270593463561
45,12,0.13132953581384232
46,12,0.23500874352892023
47,12,0.8421615561750246
48,12,0.754508544418863
49,12,0.7050448430493298
50,12,0.03140866102538548
51,12,0.4111531935522992
52,12,0.5408170221791297
53,12,0.7585019997576051
54,12,0.5196248021360216
55,12,0.6416461304353692
56,12,0.6791813113561957
57,12,0.8606493020608408
58,12,0.7135195733850404
59,12,0.05556296206520575
60,12,0.15454288369086652
61,12,0.22392922070051896
62,12,0.7601563446854923
63,12,0.876302439531176
64,12,0.6512031729102794
65,12,0.5496636771300469
66,12,0.5649069456270558
67,12,0.7028274173806567
68,12,0.7939825475699892
69,12,0.8933311113804424
70,12,0.8198949910833436
71,12,0.20004241910071632
72,12,0.0659900461723144
73,12,0.050002019957178456
74,12,0.09945461156223598
75,12,0.06779178281420276
76,12,0.061632082873526
77,12,0.1145273927089346
78,12,0.15721124712155937
79,12,0.11474703402954348
80,12,0.1390013331717362
81,12,0.1185522966913077
82,12,0.028641156443846252
83,12,0.03756817355472019
84,12,0.021177231042701538
85,12,0.040317190989837354
86,12,0.027205633766879195
87,12,0.03020048606548391
88,12,0.03931644649133484
89,12,0.7530518002944723
90,12,0.7704182411542403
91,12,0.5489112430816508
92,12,0.050654466125317966
93,12,0.066173797115501
94,12,0.14562477275481683
95,12,0.03468670464186187
96,12,0.024316244495616368
97,12,0.042613016604047683
98,12,0.7027956207328442
99,12,0.8135175534278334
100,12,0.12953581384074564
101,12,0.03647638670060231
102,12,0.09259483698945407
103,12,0.11671298635674653
104,12,0.07051541182415413
105,12,0.031679860760204404
106,12,0.030857253685026963
107,12,0.017900696864111557
108,12,0.032324561403508756
110,12,0.05842592592592599
111,12,0.08222222222222231
112,12,0.12994152046783677
1,13,0.7930586684503395
2,13,0.1395719655632329
3,13,0.22556080999151018
4,13,0.1332181399296701
5,13,0.17686128289074887
6,13,0.13355765732993596
7,13,0.09805864619527511
8,13,0.5670951052908129
9,13,0.803276949193637
10,13,0.6495998544925428
11,13,0.40360130956711077
12,13,0.12251121619982933
13,13,0.7299381593306536
14,13,0.7348005335273305
15,13,0.05456529647144416
16,13,0.303723986856518
17,13,0.2120710561416225
18,13,0.11537932985732541
19,13,0.753255729356115
20,13,0.7265925925925937
21,13,0.8191665656197966
22,13,0.5028373954165136
23,13,0.405328756487264
24,13,0.23221777616102834
25,13,0.8030943365497923
26,13,0.8563831081903047
27,13,0.7885237350025879
28,13,0.23195909623701408
29,13,0.2798781332225509
30,13,0.1533284653766543
31,13,0.2970474111798236
32,13,0.5680045268986766
33,13,0.6979296819396668
34,13,0.16806111313204677
35,13,0.07205044258518548
36,13,0.7989420395295267
37,13,0.530229174245183
38,13,0.2080059415545044
39,13,0.3359403419425244
40,13,0.40617367354362544
41,13,0.26086455680853543
42,13,0.09624914110181992
43,13,0.1340204518814937
44,13,0.09179499616022174
45,13,0.14508306050685113
46,13,0.2736198444455969
47,13,0.799351279253068
48,13,0.7129774463441323
49,13,0.6661058566751568
50,13,0.042360079247151954
51,13,0.4403904450103075
52,13,0.6195813629198497
53,13,0.7290802716139221
54,13,0.44913301806717326
55,13,0.49465125365453105
56,13,0.5953528555838482
57,13,0.8356503814298444
58,13,0.5839396144052341
59,13,0.08207226870377042
60,13,0.1538256335637198
61,13,0.19742451800654598
62,13,0.6544349460409808
63,13,0.8445218174574673
64,13,0.5249299719887965
65,13,0.4532072268703756
66,13,0.4854874041621051
67,13,0.663005374373999
68,13,0.7642263853522498
69,13,0.8488025948829979
70,13,0.8037585095879033
71,13,0.16319873893536954
72,13,0.0878911979722854
73,13,0.11619174649367751
74,13,0.1410371448203385
75,13,0.0784285194616204
76,13,0.0899338196345685
77,13,0.15367343610843645
78,13,0.1820389232448162
79,13,0.1334042906735976
80,13,0.2145022432399655
81,13,0.14663817145628757
82,13,0.043696330346021155
83,13,0.06250454710803831
84,13,0.033660725112162004
85,13,0.07016577456737656
86,13,0.0293184762561176
87,13,0.041527062472476256
88,13,0.06317448769249605
89,13,0.6721307084505106
90,13,0.7021005509641801
91,13,0.527561537528803
92,13,0.04712016490845168
93,13,0.0647477870740871
94,13,0.1411482963501873
95,13,0.045774220928822724
96,13,0.026526817832746886
97,13,0.05172183824420958
98,13,0.7371124853482083
99,13,0.7667636716381491
100,13,0.152137747059535
101,13,0.04887029626935261
102,13,0.12419667757972469
103,13,0.10898692810457569
104,13,0.08445198592257484
105,13,0.05124015418133054
106,13,0.06133564280215545
107,13,0.04208333333333327
108,13,0.06385964912280692
110,13,0.10851851851851861
111,13,0.09378378378378364
112,13,0.1153801169590645
1,14,0.6854848478928031
2,14,0.17544518473652065
3,14,0.2402059357964836
4,14,0.17228952150211682
5,14,0.21798909751665918
6,14,0.18946093276801668
7,14,0.14267215271831743
8,14,0.6947506561679725
9,14,0.6642136079143948
10,14,0.634744094488189
11,14,0.46572582273369095
12,14,0.14884918231374733
13,14,0.7737088633151351
14,14,0.669032909347869
15,14,0.0829572986069049
16,14,0.41438905775076096
17,14,0.2126832222895199
18,14,0.1511164950535064
19,14,0.763335352311716
20,14,0.7551851851851861
21,14,0.7169473046638386
22,14,0.4958388855239225
23,14,0.5216370687895621
24,14,0.2513991520290727
25,14,0.8284401057555122
26,14,0.8242613981762746
27,14,0.6408116586067113
28,14,0.2973793660407875
29,14,0.3242678964469163
30,14,0.23285714285713907
31,14,0.2884070260448224
32,14,0.5539390268524124
33,14,0.574524003897502
34,14,0.1811467797294561
35,14,0.13576822128003474
36,14,0.8070835857056512
37,14,0.5280476478901771
38,14,0.3455481526347666
39,14,0.4011023622047227
40,14,0.32881082172420545
41,14,0.3925499697153204
42,14,0.15520290732889339
43,14,0.14382394508378715
44,14,0.10620230163537468
45,14,0.17882091661619312
46,14,0.26174612788785895
47,14,0.8284524530587623
48,14,0.7392428831011648
49,14,0.7324288310115138
50,14,0.0762884043607537
51,14,0.44567837674136707
52,14,0.6166792852816475
53,14,0.7306511205330085
54,14,0.45893214397150095
55,14,0.5067467528097421
56,14,0.742940642035139
57,14,0.8513996787190595
58,14,0.7729648697758976
59,14,0.1200181708055723
60,14,0.1736927114879887
61,14,0.22575408843125094
62,14,0.7208449424591203
63,14,0.8525499697153578
64,14,0.5221489475086567
65,14,0.543449424591154
66,14,0.5503130699088147
67,14,0.6569432580841977
68,14,0.7749515445184738
69,14,0.8486917019987981
70,14,0.7751393095093884
71,14,0.16919139915202863
72,14,0.123874093902038
73,14,0.23827175449222632
74,14,0.17921663638199095
75,14,0.1021199273167743
76,14,0.1105358793713513
77,14,0.16067587042336356
78,14,0.20316172016959294
79,14,0.15314175471655334
80,14,0.2534857662023013
81,14,0.16801938219261237
82,14,0.06023897362479968
83,14,0.08195033313143275
84,14,0.05134665859075567
85,14,0.07764990914597462
86,14,0.06691000669450378
87,14,0.05881921642385553
88,14,0.09873192795412566
89,14,0.6963703753172197
90,14,0.7007648676521154
91,14,0.5960064607308676
92,14,0.07248940036341377
93,14,0.06487280436099281
94,14,0.1384827377347042
95,14,0.07410054512416721
96,14,0.03288512012921467
97,14,0.06972743791641353
98,14,0.6693640218049748
99,14,0.7839571976579628
100,14,0.22374318594790224
101,14,0.06382394508379029
102,14,0.1597910357359181
103,14,0.1207243460764592
104,14,0.09685613682092599
105,14,0.06617482673820653
106,14,0.06178923426838506
107,14,0.06695833333333329
108,14,0.09736622073578556
110,14,0.13268518518518524
111,14,0.12249999999999993
112,14,0.13964429145152044
1,15,0.6253923567922277
2,15,0.21302429590232755
3,15,0.19483863169345703
4,15,0.1575305209718348
5,15,0.23840505258068542
6,15,0.20193400217575078
7,15,0.21927583289221417
8,15,0.6775333413916741
9,15,0.6590011684596514
10,15,0.6420962770458116
11,15,0.5656956364075882
12,15,0.17442886498246898
13,15,0.7784842257947271
14,15,0.6641967847213832
15,15,0.11568505983319231
16,15,0.47189130171054633
17,15,0.20279221564123912
18,15,0.14185503042024525
19,15,0.6908981022603622
20,15,0.7256296296296306
21,15,0.6851645916434967
22,15,0.4614408316209361
23,15,0.5860971933683593
24,15,0.3315302792215638
25,15,0.8046998660659768
26,15,0.8122588863277775
27,15,0.5844910725922086
28,15,0.32055280228856825
29,15,0.3367375933942897
30,15,0.22262800291190846
31,15,0.31985374108546044
32,15,0.4501752689471805
33,15,0.7005817772849221
34,15,0.19294089205850537
35,15,0.15222208791651679
36,15,0.8016892300253959
37,15,0.5158144969579793
38,15,0.39460292517829226
39,15,0.40814094040855403
40,15,0.3248778297732681
41,15,0.4144445787501523
42,15,0.18448366171078712
43,15,0.1381643096015158
44,15,0.14409524960715758
45,15,0.2321729320278848
46,15,0.26440227245255465
47,15,0.8420343285386296
48,15,0.7134775776622806
49,15,0.7519914178653525
50,15,0.09365176817288848
51,15,0.42706092106853355
52,15,0.60085896893509
53,15,0.7300767557113442
54,15,0.42291279774657614
55,15,0.4576198342667603
56,15,0.7896198476973286
57,15,0.8467145612494964
58,15,0.8004623473951397
59,15,0.11337483379668736
60,15,0.2344050928723976
61,15,0.2574301946089639
62,15,0.6933730206696542
63,15,0.8068657077239424
64,15,0.4448365231259952
65,15,0.562673758007979
66,15,0.5743691617129678
67,15,0.6645105320832738
68,15,0.7509035416414812
69,15,0.8150338450380809
70,15,0.7314689782597454
71,15,0.1565030823159666
72,15,0.21557105703357093
73,15,0.22113300294129482
74,15,0.2463153229380714
75,15,0.11538438293242907
76,15,0.13063103182832872
77,15,0.16757461955593841
78,15,0.20595612232563912
79,15,0.13993759261497465
80,15,0.2571618518070823
81,15,0.16348966517587313
82,15,0.07448655538828196
83,15,0.0948748942342528
84,15,0.07786373343003643
85,15,0.08689540847162248
86,15,0.08494023042617697
87,15,0.07431594215806328
88,15,0.11947533849129859
89,15,0.7330907761828699
90,15,0.6311032058974801
91,15,0.6140255449454063
92,15,0.1008642572222869
93,15,0.07247975341471943
94,15,0.13353378460050444
95,15,0.08003444941375466
96,15,0.04472782948547619
97,15,0.08737459204641594
98,15,0.6450944840646253
99,15,0.7830694226197438
100,15,0.41214069865828484
101,15,0.05896692050445464
102,15,0.1697479753414741
103,15,0.13118860510805533
104,15,0.11019155206286875
105,15,0.08252798252798137
106,15,0.06734618235730143
107,15,0.06799999999999987
108,15,0.10533333333333296
110,15,0.11861111111111058
111,15,0.11940476190476176
112,15,0.1838333333333333
1,16,0.5521849383735341
2,16,0.2065874466788507
3,16,0.11695307739183398
4,16,0.1260816575258986
5,16,0.26934491163924273
6,16,0.16338817794027843
7,16,0.27371871651011737
8,16,0.7321470647978737
9,16,0.6616849482023172
10,16,0.5485348823027199
11,16,0.3503920373755813
12,16,0.20000609384521392
13,16,0.6911476741824135
14,16,0.6499289051391444
15,16,0.11314747105423523
16,16,0.6009602446483109
17,16,0.20344911639244304
18,16,0.13197237456835742
19,16,0.40719479991874646
20,16,0.5027407407407393
21,16,0.6096567133861485
22,16,0.568476538695911
23,16,0.7084835761916458
24,16,0.48977452772699326
25,16,0.6383689511176622
26,16,0.8270642201834628
27,16,0.48128205128205087
28,16,0.25150111720495355
29,16,0.30557481770997946
30,16,0.18596071209330503
31,16,0.32663010359536887
32,16,0.5393012390818616
33,16,0.790765189742148
34,16,0.2775096485882612
35,16,0.16087751371115408
36,16,0.6864411943936621
37,16,0.46317692463944093
38,16,0.5052955514929932
39,16,0.3458379037172449
40,16,0.29011926525637155
41,16,0.29601462522852046
42,16,0.2638675604306295
43,16,0.19353646150721196
44,16,0.18510257972781058
45,16,0.347085110704856
46,16,0.27239139897275155
47,16,0.7846953077391927
48,16,0.6818190127970795
49,16,0.8002132845825818
50,16,0.09466067864271495
51,16,0.33842474101157916
52,16,0.5354090493601462
53,16,0.6356307129798904
54,16,0.3082303842815602
55,16,0.19010427246259226
56,16,0.615557586837296
57,16,0.7047028588082379
58,16,0.6688695917123707
59,16,0.09138939670932435
60,16,0.34177127767621257
61,16,0.21009140767824475
62,16,0.576898232784889
63,16,0.7671628797771595
64,16,0.3798092423428232
65,16,0.5179707495429616
66,16,0.33597650513950095
67,16,0.6545655919271459
68,16,0.565240706886044
69,16,0.6960938452163331
70,16,0.7096587446678866
71,16,0.1319774527726983
72,16,0.2457117021485744
73,16,0.18656510257972983
74,16,0.3625675401178028
75,16,0.15630408287629366
76,16,0.21263350331953687
77,16,0.1698922019794574
78,16,0.18786410725167632
79,16,0.08394610332452973
80,16,0.2922821450335171
81,16,0.17130103595368537
82,16,0.10202758849924745
83,16,0.13152650822669001
84,16,0.12576071501117725
85,16,0.1257142857142891
86,16,0.15479329035568332
87,16,0.09625068154847405
88,16,0.15558399349989974
89,16,0.6932395217624926
90,16,0.36107382550335554
91,16,0.5505057891529541
92,16,0.1994881170018286
93,16,0.18918342474101302
94,16,0.13096282754417884
95,16,0.09430225472272874
96,16,0.06125939467804423
97,16,0.11538391224862903
98,16,0.5750599228112958
99,16,0.7610400162502416
100,16,0.7326459475929433
101,16,0.0814990859232221
102,16,0.17464351005484494
103,16,0.10722305389221605
104,16,0.09880239520958069
105,16,0.07633344422266503
106,16,0.08290550595238122
107,16,0.08960437710437709
108,16,0.12150673400673422
110,16,0.1233901515151512
111,16,0.10735294117647085
112,16,0.21958473625140235
1,17,0.4820373183073753
2,17,0.20978897292022244
3,17,0.0941876067333499
4,17,0.1013966821175889
5,17,0.40178702122468896
6,17,0.14141863869236013
7,17,0.23453155100908296
8,17,0.6850776612181797
9,17,0.5438623241441017
10,17,0.4692779750244858
11,17,0.07112303813938396
12,17,0.3587033422786041
13,17,0.3313694397007354
14,17,0.7141782548588999
15,17,0.1045681873627714
16,17,0.7291564642507123
17,17,0.1719809709685266
18,17,0.1045295600553017
19,17,0.10573717166788765
20,17,0.19644444444444417
21,17,0.6265186630885567
22,17,0.7366613808245808
23,17,0.8638961146207248
24,17,0.5605757501829658
25,17,0.24154010783224195
26,17,0.7667608401916147
27,17,0.30059884180047264
28,17,0.2354639342929184
29,17,0.23840571469488217
30,17,0.13988080609486264
31,17,0.34765796535740445
32,17,0.7749817028543422
33,17,0.8745528680321631
34,17,0.4276774823127577
35,17,0.1721680084573471
36,17,0.3934740180531863
37,17,0.2144750752215962
38,17,0.6187545742864088
39,17,0.18023908270309205
40,17,0.29725600901496974
41,17,0.10475725786777121
42,17,0.3937057818980152
43,17,0.39590143937546135
44,17,0.2876555257379823
45,17,0.4707408310970241
46,17,0.28845711497577736
47,17,0.26984630397658305
48,17,0.6736185655037761
49,17,0.7605422054159616
50,17,0.1031218905472637
51,17,0.2765308611856554
52,17,0.3864738350817272
53,17,0.3234935350085383
54,17,0.0962725572386433
55,17,0.027926865631183184
56,17,0.1787570139058318
57,17,0.36487160176925176
58,17,0.19516650402537264
59,17,0.07315198828982677
60,17,0.6057371716678884
61,17,0.13392534764576614
62,17,0.2929525494022965
63,17,0.5850033109120693
64,17,0.4111047452143434
65,17,0.28592034642596015
66,17,0.07339948390267688
67,17,0.4988951473136942
68,17,0.22336850451329873
69,17,0.27936081971212834
70,17,0.6541321053915562
71,17,0.0942830050165161
72,17,0.2336565173252343
73,17,0.14606408067008386
74,17,0.40771732942993505
75,17,0.31504940229324113
76,17,0.3535040638923497
77,17,0.1386376828663053
78,17,0.20568431324713532
79,17,0.04969595113532514
80,17,0.3129055867284707
81,17,0.18235240302512745
82,17,0.18526137195324602
83,17,0.23567943400829502
84,17,0.2287793770838443
85,17,0.21145924092984417
86,17,0.46835556811032
87,17,0.1537120735481007
88,17,0.2079938196308021
89,17,0.3515132111081186
90,17,0.09540358744394457
91,17,0.4588314222981168
92,17,0.6153391070992891
93,17,0.7501707733593657
94,17,0.3101671139302324
95,17,0.15307696999268192
96,17,0.11610555420021594
97,17,0.17191693095877086
98,17,0.4000447263560203
99,17,0.6560421240953108
100,17,0.8754379116857967
101,17,0.12639668211759428
102,17,0.1863015369602342
103,17,0.07803482587064749
104,17,0.08751243781094546
105,17,0.0765754560530666
106,17,0.12316287878787865
107,17,0.1335964912280703
108,17,0.12706140350877204
110,17,0.14135416666666634
111,17,0.10083333333333326
112,17,0.32070175438596404
1,18,0.380977783356343
2,18,0.3024866245136168
3,18,0.14594479571984315
4,18,0.12208171206225532
5,18,0.5593476410505803
6,18,0.22994892996108643
7,18,0.25420971420904853
8,18,0.39678177691310046
9,18,0.5913383592736724
10,18,0.6240389309250671
11,18,0.08513294422827593
12,18,0.6471789883268406
13,18,0.09644536316472126
14,18,0.8184865434500417
15,18,0.16460207928015563
16,18,0.7125762753233932
17,18,0.18549975680933672
18,18,0.24867866407263173
19,18,0.11743677042801777
20,18,0.10431372549019625
21,18,0.5841561284046679
22,18,0.7699781128404525
23,18,0.8858062918008038
24,18,0.6847641050583545
25,18,0.05635899967094583
26,18,0.44041523762861123
27,18,0.21058499475340792
28,18,0.3737516212710805
29,18,0.28005773778964066
30,18,0.15561611954923882
31,18,0.45668774319065836
32,18,0.7384524967574566
33,18,0.8854304846600057
34,18,0.7190094033722357
35,18,0.31526021400777826
36,18,0.14695863746958737
37,18,0.07874918936446433
38,18,0.6393056906614755
39,18,0.1628039883268435
40,18,0.35698652028905015
41,18,0.15658438715953005
42,18,0.669394455252917
43,18,0.6353882944228215
44,18,0.6239461738002565
45,18,0.624639267185467
46,18,0.39232907170650155
47,18,0.048896522373540224
48,18,0.515643239299608
49,18,0.39429413910505823
50,18,0.19543532338308497
51,18,0.2270519212062267
52,18,0.2331514469844358
53,18,0.10717716439688363
54,18,0.06455606650158863
55,18,0.02592682663207857
56,18,0.11959204766536681
57,18,0.09552106242598989
58,18,0.08436588035019187
59,18,0.1404182879377416
60,18,0.8300745784694943
61,18,0.13672178988326733
62,18,0.07267448929960921
63,18,0.27307531962201564
64,18,0.3335202847931256
65,18,0.0771370379377408
66,18,0.09421852033316837
67,18,0.29319471865745705
68,18,0.08453611381322766
69,18,0.10362962062256552
70,18,0.470990828237905
71,18,0.10136685379545979
72,18,0.29742610141834885
73,18,0.2637078469520092
74,18,0.4283438715953279
75,18,0.5046236624513624
76,18,0.5199032357157478
77,18,0.1470381054608939
78,18,0.39050036478599376
79,18,0.09869037325262624
80,18,0.45480909533074093
81,18,0.2530611624513631
82,18,0.3652889547223214
83,18,0.47645914396887473
84,18,0.5129742217898877
85,18,0.4046484157865523
86,18,0.7762197931599544
87,18,0.35713508601269656
88,18,0.38002999351490885
89,18,0.09253425577646271
90,18,0.016831215659340985
91,18,0.5389267185473374
92,18,0.8832046449416464
93,18,0.9207228842412719
94,18,0.5855514348248914
95,18,0.37243129863813146
96,18,0.20904263942931414
97,18,0.39528818093384943
98,18,0.2686243514915665
99,18,0.29268806744487763
100,18,0.8292607003891256
101,18,0.3034046692607031
102,18,0.21433581361307766
103,18,0.06993781094527467
104,18,0.07500000000000007
105,18,0.0994472084024308
106,18,0.19354166666666647
107,18,0.23706140350877142
108,18,0.14403508771929832
110,18,0.16260416666666638
111,18,0.08638888888888875
112,18,0.4467836257309942
1,19,0.30716597970023346
2,19,0.38446183715568427
3,19,0.16657565829389395
4,19,0.15302147797597032
5,19,0.6181895401043483
6,19,0.3067649557092598
7,19,0.36087016557246293
8,19,0.2733931966185246
9,19,0.5475973789588665
10,19,0.7146358543417367
11,19,0.13080936779517086
12,19,0.7343890304574487
13,19,0.10625328641346114
14,19,0.8126279173239266
15,19,0.23178315738381264
16,19,0.604932407745704
17,19,0.22165999271932568
18,19,0.3941026574444836
19,19,0.18935404279415777
20,19,0.2001594896331729
21,19,0.43309873397241294
22,19,0.6916211624802695
23,19,0.7986940221645211
24,19,0.7512073777454022
25,19,0.07749045684029124
26,19,0.30243246546877084
27,19,0.18087292239235522
28,19,0.5333737814990127
29,19,0.36223484896207786
30,19,0.1676078718983011
31,19,0.36305060065526
32,19,0.6052784856206803
33,19,0.7903395762841813
34,19,0.6962383205921517
35,19,0.4646927691309958
36,19,0.13464688751365067
37,19,0.10129838611819092
38,19,0.6716175221453643
39,19,0.2524329571653894
40,19,0.30031607352320955
41,19,0.21218905472636357
42,19,0.7875015168061974
43,19,0.6448246572017834
44,19,0.7880232981434064
45,19,0.7215710067548406
46,19,0.426518973078852
47,19,0.05927375318529189
48,19,0.40377988108239415
49,19,0.28058791408810174
50,19,0.3133830845771137
51,19,0.19541621162480363
52,19,0.1748536282004611
53,19,0.09581361485256368
54,19,0.0826466337933349
55,19,0.030349606978655557
56,19,0.1753822351656355
57,19,0.08073629730457209
58,19,0.11424887756340006
59,19,0.23949763378230507
60,19,0.8199207215952503
61,19,0.18638514743356044
62,19,0.05282732678073024
63,19,0.1814897637249317
64,19,0.26966559442434085
65,19,0.05978946729765636
66,19,0.1829024569123564
67,19,0.30632003447851575
68,19,0.11826538041499508
69,19,0.10496602354083046
70,19,0.337993828765578
71,19,0.12156558275483924
72,19,0.3938059505775595
73,19,0.3918132912672432
74,19,0.47216761719855926
75,19,0.582850988957652
76,19,0.6228708830686112
77,19,0.15532095619464348
78,19,0.5615550297294063
79,19,0.16837672522661168
80,19,0.5376683654896253
81,19,0.31016866885086697
82,19,0.4961776483436512
83,19,0.622378958864214
84,19,0.6571208995671899
85,19,0.5418205141539706
86,19,0.8377145083312719
87,19,0.5331398207933402
88,19,0.5413461149536878
89,19,0.09292990215788532
90,19,0.026712035610341595
91,19,0.5940905229947795
92,19,0.8688417667758918
93,19,0.9016017473607751
94,19,0.6424129353233754
95,19,0.5188417667758751
96,19,0.28621122032116475
97,19,0.5576507705375586
98,19,0.19903328884034874
99,19,0.18124823039274848
100,19,0.726921490110456
101,19,0.4374226428831554
102,19,0.2614389233954501
103,19,0.0785074626865678
104,19,0.08286069651741276
105,19,0.12379767827528831
106,19,0.2226704545454546
107,19,0.277763157894736
108,19,0.17890350877192993
110,19,0.1837499999999997
111,19,0.1245833333333334
112,19,0.559824561403508
1,20,0.266819437099707
2,20,0.44213114754098365
3,20,0.20557984213721445
4,20,0.18690953248329836
5,20,0.6704432301153537
6,20,0.3455009107468083
7,20,0.4144505160898489
8,20,0.22478445658773358
9,20,0.44381198138028954
10,20,0.6829296160877514
11,20,0.11257235377454099
12,20,0.7786399514268189
13,20,0.13173446670714528
14,20,0.7523902044120467
15,20,0.2572935640558591
16,20,0.5300853138330294
17,20,0.25030965391620913
18,20,0.4937219186399506
19,20,0.17749038656142357
20,20,0.19190476190476188
21,20,0.3271685893543783
22,20,0.5907771706132304
23,20,0.7311729540300893
24,20,0.7742865816636074
25,20,0.10525775313206157
26,20,0.2985076452599417
27,20,0.15899148657498166
28,20,0.6429427241449048
29,20,0.42073588434302267
30,20,0.1757981651376135
31,20,0.3679417122040039
32,20,0.45485124468730936
33,20,0.7451183000821171
34,20,0.7417931592794896
35,20,0.6190209222019141
36,20,0.14891317547055147
37,20,0.10881529282844364
38,20,0.6963054037644096
39,20,0.28887067395263993
40,20,0.25709081446785714
41,20,0.23539769277473985
42,20,0.83584775367615
43,20,0.7024367536935788
44,20,0.8167294070025982
45,20,0.7818862578425235
46,20,0.44223089600138205
47,20,0.068129933211899
48,20,0.340012143290833
49,20,0.24131147540983444
50,20,0.3932711442786064
51,20,0.17239222829386927
52,20,0.15440953248330297
53,20,0.09065082644627924
54,20,0.09230004967709256
55,20,0.02744721041624372
56,20,0.18481785063752343
57,20,0.09088989203030899
58,20,0.1109441408621711
59,20,0.3403703703703708
60,20,0.8139850232746145
61,20,0.24032544019428909
62,20,0.0441499696417726
63,20,0.1623870240263699
64,20,0.24232059020791435
65,20,0.058075288403155026
66,20,0.28954128440367255
67,20,0.3700739371534231
68,20,0.12947176684881365
69,20,0.09706435944140616
70,20,0.29175470552519595
71,20,0.13871724558196127
72,20,0.4402569677027531
73,20,0.47841327666464556
74,20,0.5050070835863164
75,20,0.6105251973284785
76,20,0.65061515354872
77,20,0.16758578816239314
78,20,0.6478749241044349
79,20,0.2510288065843562
80,20,0.5608469945355256
81,20,0.3210837887067386
82,20,0.5720538720538773
83,20,0.7094899817850696
84,20,0.742262699858312
85,20,0.6226350941105027
86,20,0.8477391109832919
87,20,0.6315597737513272
88,20,0.6161991499696432
89,20,0.09170690811535835
90,20,0.044164524421594985
91,20,0.6108480064764223
92,20,0.8728142076502814
93,20,0.8986338797814307
94,20,0.6569672131147454
95,20,0.6080935033393997
96,20,0.3554988868650135
97,20,0.6461293260473613
98,20,0.16245699251163664
99,20,0.14382513661202012
100,20,0.794409228901052
101,20,0.5376401538150298
102,20,0.30627666057282316
103,20,0.08090796019900559
104,20,0.08267412935323305
105,20,0.1416666666666634
106,20,0.23630681818181704
107,20,0.33074561403508745
108,20,0.1938157894736844
110,20,0.19604166666666686
111,20,0.2134722222222223
112,20,0.6411111111111099
1,21,0.2287970838396096
2,21,0.5109173754556464
3,21,0.27082017010935094
4,21,0.24054070473875175
5,21,0.6937515188335359
6,21,0.3402794653705934
7,21,0.4362802195499987
8,21,0.18219927095989774
9,21,0.3564803564196008
10,21,0.5653734756097561
11,21,0.09089104900769718
12,21,0.7957654921020435
13,21,0.1351437829080591
14,21,0.6190441474281115
15,21,0.2749012758201701
16,21,0.45807926829268575
17,21,0.2362454434993916
18,21,0.5443458890239048
19,21,0.12556095585257315
20,21,0.16023809523809496
21,21,0.23614013770757344
22,21,0.4589793438639095
23,21,0.6657879537953846
24,21,0.740704738760607
25,21,0.10481298808055912
26,21,0.2607282741738062
27,21,0.1378567687876396
28,21,0.6981571486431676
29,21,0.43174095878889845
30,21,0.16735618115054984
31,21,0.3757594167679216
32,21,0.310781692993109
33,21,0.6304294803817476
34,21,0.763580396921814
35,21,0.6792439024390179
36,21,0.14279769137302406
37,21,0.10099593495935039
38,21,0.6976184690157943
39,21,0.3150182260024322
40,21,0.19601920962794786
41,21,0.2773572296476271
42,21,0.8436544715446906
43,21,0.7508464965573026
44,21,0.8422033211826344
45,21,0.8010287565815898
46,21,0.42681131747959594
47,21,0.06565917375455549
48,21,0.25219927095990363
49,21,0.2440370595382738
50,21,0.46684565434565484
51,21,0.15650060753341757
52,21,0.12125227825030377
53,21,0.09281402439024228
54,21,0.09551529879597377
55,21,0.029144727960036663
56,21,0.17692588092345024
57,21,0.10454857625865656
58,21,0.10982685297691146
59,21,0.4066342648845697
60,21,0.8136816524908729
61,21,0.3197618469015693
62,21,0.04531287970838411
63,21,0.1497205346294084
64,21,0.2361644295302039
65,21,0.059401579586875246
66,21,0.3629957160342757
67,21,0.40185881627619946
68,21,0.14988760631834716
69,21,0.10954434993924485
70,21,0.3149509633744142
71,21,0.14489939024390147
72,21,0.4704581977815213
73,21,0.559534224382337
74,21,0.5485095180234999
75,21,0.655923450789799
76,21,0.6709471126175068
77,21,0.17458834373822596
78,21,0.692554678007297
79,21,0.298109896044278
80,21,0.5884599027946504
81,21,0.34058626974483536
82,21,0.632221363084061
83,21,0.7635874848116765
84,21,0.8020534629404363
85,21,0.6849262280854089
86,21,0.8547515508089779
87,21,0.6925848948008031
88,21,0.6770595382745985
89,21,0.0806073825503353
90,21,0.06398595409386712
91,21,0.6360712839206167
92,21,0.8791707168894385
93,21,0.903705953827469
94,21,0.673092345078978
95,21,0.6729556500607526
96,21,0.41437424058323274
97,21,0.6981713244228461
98,21,0.14661806399351898
99,21,0.1202835155933581
100,21,0.838809234507922
101,21,0.6147306601863073
102,21,0.3703902439024383
103,21,0.07593656343656342
104,21,0.09219530469530482
105,21,0.1706210456210442
106,21,0.27307545731707294
107,21,0.386096491228071
108,21,0.2299999999999997
110,21,0.20270833333333302
111,21,0.3305555555555551
112,21,0.7201169590643266
1,22,0.23482547075024587
2,22,0.5707768413338251
3,22,0.32819714181018295
4,22,0.2999267130817186
5,22,0.649276291681931
6,22,0.2713997801392435
7,22,0.4741621494126495
8,22,0.16809169007776026
9,22,0.36254631326086023
10,22,0.4115790118916268
11,22,0.08096983021863899
12,22,0.7959447905215373
13,22,0.14554374821872088
14,22,0.45782337852693417
15,22,0.3531208012703066
16,22,0.40009807527277563
17,22,0.20237571760107076
18,22,0.5572737266397961
19,22,0.16988314808028726
20,22,0.19428571428571423
21,22,0.18457310370099092
22,22,0.3255099548064037
23,22,0.5789929907511193
24,22,0.7177476487113633
25,22,0.13005247717036522
26,22,0.2397440629998763
27,22,0.11278062229223958
28,22,0.7652986441919953
29,22,0.3971625809015287
30,22,0.19350313768918287
31,22,0.3701233663124461
32,22,0.21060217417857224
33,22,0.5079979318909852
34,22,0.7387606367818735
35,22,0.6868987781455477
36,22,0.15970440942958433
37,22,0.13272036287851094
38,22,0.687513741297175
39,22,0.350488579455236
40,22,0.148324579618091
41,22,0.28630756076707226
42,22,0.7800130767030239
43,22,0.740755669557433
44,22,0.8660681568339914
45,22,0.8194454623182839
46,22,0.3956690921146783
47,22,0.07835287651153994
48,22,0.19469891291071395
49,22,0.26881030902650593
50,22,0.5527651515151499
51,22,0.14161475509954813
52,22,0.0937003786490778
53,22,0.11485533897266045
54,22,0.09582079497798968
55,22,0.02907726341218325
56,22,0.1868602662758031
57,22,0.11920807643082866
58,22,0.13023390741419233
59,22,0.5117564431415667
60,22,0.8310899393346906
61,22,0.4349627458165293
62,22,0.05254672041040683
63,22,0.14847231673908426
64,22,0.2272816254894045
65,22,0.058354708684497485
66,22,0.41421496247077644
67,22,0.406241477624892
68,22,0.14934041773543372
69,22,0.10895932576035124
70,22,0.33026226247186097
71,22,0.16919516979281513
72,22,0.5331662706809016
73,22,0.6030251211269794
74,22,0.5890802491755219
75,22,0.7034628068889688
76,22,0.7067912544277544
77,22,0.15627803540516916
78,22,0.7276474899230452
79,22,0.3824717596551019
80,22,0.6334799071699013
81,22,0.41542689629900875
82,22,0.697957959958685
83,22,0.7679461341150658
84,22,0.8309026505435283
85,22,0.7196914969725547
86,22,0.8334779785667926
87,22,0.7319177386485684
88,22,0.7347868572126409
89,22,0.09843391386526135
90,22,0.08533608389203953
91,22,0.6326126786368631
92,22,0.8312721387565764
93,22,0.8976853548308452
94,22,0.6854433858556295
95,22,0.7187431293514099
96,22,0.46758682464068785
97,22,0.7340295590570474
98,22,0.13699360775212677
99,22,0.11500753226660139
100,22,0.8086283131794697
101,22,0.6751068767558291
102,22,0.4473243839646914
103,22,0.07450757575757563
104,22,0.0983838383838383
105,22,0.19207351290684394
106,22,0.3154069767441854
107,22,0.4244736842105259
108,22,0.27425438596491286
110,22,0.2281249999999999
111,22,0.4126388888888885
112,22,0.7626900584795314
